<?xml version="1.0" encoding="utf-8" standalone="yes"?>
<rss version="2.0" xmlns:atom="http://www.w3.org/2005/Atom">
  <channel>
    <title>Readings on MIT OpenCourseWare</title>
    <link>/resources/readings/</link>
    <description>Recent content in Readings on MIT OpenCourseWare</description>
    <generator>Hugo -- gohugo.io</generator>
    <language>en-us</language><atom:link href="/resources/readings/index.xml" rel="self" type="application/rss+xml" />
    <item>
      <title>Readings</title>
      <link>/pages/readings/data.json</link>
      <pubDate>Mon, 01 Jan 0001 00:00:00 +0000</pubDate>
      
      <guid>/pages/readings/data.json</guid>
      <description>Example code for some readings can be found on the 6.005 Github page.
Reading Topics 1: Static Checking Types Static Checking vs Dynamic Checking Arrays and Collections Iterating Methods Mutating Variables vs Reassigning Variables Documenting Assumptions 2: Basic Java Snapshot Diagrams Java Collections Java API Documentation 3: Testing Validation Test-first Programming Choosing Test Cases by Partitioning Blackbox and Whitebox Testing Documenting Testing Strategies Coverage Unit Testing and Stubs Automated Testing and Regression Testing 4: Code Review Don&amp;rsquo;t Repeat Yourself Comments Where Needed Fail Fast Avoid Magic Numbers One Purpose for Each Variable Use Good Names Use Whitespace to Help the Reader Don&amp;rsquo;t Use Global Variables Methods Should Return Results, Not Print Them 5: Version Control Inventing Version Control Git: Copy, Commit, Pull, Push, Merge 6: Specifications Why Specifications?</description>
    </item>
    
  </channel>
</rss>
