{"167cdf11-4893-3281-e566-858683b999a4":"/pages/readings/data.json","1f33f4c5-1693-fb6d-295e-334f28bfc225":"/resources/mit6_005s16_quiz1/data.json","21bb37db-4e09-9e7a-7900-33c4f66f74fa":"/pages/quizzes/data.json","275bbf7a-ea15-03d7-09a7-f6581b78dc32":"/pages/syllabus/data.json","577309fa-a500-4f45-6049-a94e4f1fed34":"/resources/6-005s16-th/data.json","66c63966-8774-e0da-3262-968754a41f12":"/resources/mit6_005s16_quiz2_soln/data.json","832b2956-ba46-2c4c-d4e2-4faf8926e497":"/pages/problem-sets/data.json","9415505f-0589-4d2c-77f4-42a4f7488623":"/resources/6-005s16/data.json","99b78063-3e10-2ebb-ca5f-ea790a69444d":"/resources/mit6_005s16_quiz2/data.json","b041ab0c-ec88-df93-e808-e908aca1af5f":"/resources/mit6_005s16_quiz1_soln/data.json","c5e916ab-353a-c382-37f0-e03b3f790660":"/pages/calendar/data.json"}