{
  "course_title":"Software Construction",
  "course_description":"_6.005 Software Construction_ introduces fundamental principles and techniques of software development, i.e., how to write software that is safe from bugs, easy to understand, and ready for change. The course includes problem sets and a final project. Important topics include specifications and invariants; testing; abstract data types; design patterns for object-oriented programming; concurrent programming and concurrency; and functional programming.\n\nThe [6.005 website homepage](/ans7870/6/6.005/s16/) from Spring 2016, along with all course materials, is available to OpenCourseWare users.\n",
  "site_uid":"2d4cb23d-bbbe-43a7-b698-2af26c94f7ad",
  "legacy_uid":"22ab9154-2aa6-9dda-de1e-0d4bdfc911b7","instructors": [{
    "first_name":"Robert",
    "last_name":"Miller",
    "middle_initial":"",
    "salutation":"Prof.",
    "title":"Prof. Robert Miller"},{
    "first_name":"Max",
    "last_name":"Goldman",
    "middle_initial":"",
    "salutation":"Dr.",
    "title":"Dr. Max Goldman"}],"department_numbers":["6"],
  "learning_resource_types":["Problem Sets","Exams with Solutions","Online Textbook","Programming Assignments"],
  "topics":[["Engineering","Computer Science","Algorithms and Data Structures"],["Engineering","Computer Science","Computer Networks"],["Engineering","Computer Science","Software Design and Engineering"]],
  "primary_course_number":"6.005",
  "extra_course_numbers":"",
  "term":"Spring",
  "year":"2016",
  "level":["Undergraduate"],
  "image_src":"./static_resources/9415505f05894d2c77f442a4f7488623_6-005S16.png",
  "course_image_metadata":{"content_type":"resource","description":"","draft":false,"file":"/courses/6-005-software-construction-spring-2016/9415505f05894d2c77f442a4f7488623_6-005S16.png","file_type":"image/png","image_metadata":{"caption":" A fractal generated from the hailstone sequence discussed in Lecture 1 (Image in the public domain courtesy of [Pokips76 on Wikipedia](https://en.wikipedia.org/wiki/Collatz_conjecture#/media/File:CollatzFractal.png)).","credit":"","image-alt":"A blue and yellow fractal."},"iscjklanguage":false,"learning_resource_types":[],"license":"https://creativecommons.org/licenses/by-nc-sa/4.0/","ocw_type":"OCWImage","resourcetype":"Image","title":"CHP image","uid":"9415505f-0589-4d2c-77f4-42a4f7488623"}}

