<?xml version="1.0" encoding="utf-8" standalone="yes"?>
<rss version="2.0" xmlns:atom="http://www.w3.org/2005/Atom">
  <channel>
    <title>Assignments on MIT OpenCourseWare</title>
    <link>/resources/assignments/</link>
    <description>Recent content in Assignments on MIT OpenCourseWare</description>
    <generator>Hugo -- gohugo.io</generator>
    <language>en-us</language><atom:link href="/resources/assignments/index.xml" rel="self" type="application/rss+xml" />
    <item>
      <title>Assignments</title>
      <link>/pages/problem-sets/data.json</link>
      <pubDate>Mon, 01 Jan 0001 00:00:00 +0000</pubDate>
      
      <guid>/pages/problem-sets/data.json</guid>
      <description>Please review the 6.005 Getting Started Page, as well as the specific Getting Started pages for Java and the Eclipse FQA, before attempting the assignments below. Solutions are not available.
Problem Sets Problem Set 0: Turtle Graphics
Problem Set 1: Tweet Tweet
Problem Set 2: Poetic Walks
Problem Set 3: Expressivo
Problem Set 4: Multiplayer Minesweeper
Project ABC Music Player</description>
    </item>
    
  </channel>
</rss>
