<?xml version="1.0" encoding="utf-8" standalone="yes"?>
<rss version="2.0" xmlns:atom="http://www.w3.org/2005/Atom">
  <channel>
    <title>Exams on MIT OpenCourseWare</title>
    <link>/resources/exams/</link>
    <description>Recent content in Exams on MIT OpenCourseWare</description>
    <generator>Hugo -- gohugo.io</generator>
    <language>en-us</language><atom:link href="/resources/exams/index.xml" rel="self" type="application/rss+xml" />
    <item>
      <title>Quiz 1</title>
      <link>/resources/mit6_005s16_quiz1/data.json</link>
      <pubDate>Mon, 01 Jan 0001 00:00:00 +0000</pubDate>
      
      <guid>/resources/mit6_005s16_quiz1/data.json</guid>
      <description></description>
    </item>
    
    <item>
      <title>Quiz 1 Solutions</title>
      <link>/resources/mit6_005s16_quiz1_soln/data.json</link>
      <pubDate>Mon, 01 Jan 0001 00:00:00 +0000</pubDate>
      
      <guid>/resources/mit6_005s16_quiz1_soln/data.json</guid>
      <description></description>
    </item>
    
    <item>
      <title>Quiz 2</title>
      <link>/resources/mit6_005s16_quiz2/data.json</link>
      <pubDate>Mon, 01 Jan 0001 00:00:00 +0000</pubDate>
      
      <guid>/resources/mit6_005s16_quiz2/data.json</guid>
      <description></description>
    </item>
    
    <item>
      <title>Quiz 2 Solution</title>
      <link>/resources/mit6_005s16_quiz2_soln/data.json</link>
      <pubDate>Mon, 01 Jan 0001 00:00:00 +0000</pubDate>
      
      <guid>/resources/mit6_005s16_quiz2_soln/data.json</guid>
      <description></description>
    </item>
    
    <item>
      <title>Quizzes</title>
      <link>/pages/quizzes/data.json</link>
      <pubDate>Mon, 01 Jan 0001 00:00:00 +0000</pubDate>
      
      <guid>/pages/quizzes/data.json</guid>
      <description>Quiz Solution Quiz 1 (PDF) Quiz 1 Solution (PDF) Quiz 2 (PDF) Quiz 2 Solution (PDF) An archive of past quizzes is also available.</description>
    </item>
    
  </channel>
</rss>
