{
  "title":"CHP image",
  "description": "",
  "file": "/courses/6-005-software-construction-spring-2016/9415505f05894d2c77f442a4f7488623_6-005S16.png",
  "learning_resource_types": [],
  "resource_type": "Image",
  "file_type": "image/png",
  "image_metadata": {"caption":" A fractal generated from the hailstone sequence discussed in Lecture 1 (Image in the public domain courtesy of [Pokips76 on Wikipedia](https://en.wikipedia.org/wiki/Collatz_conjecture#/media/File:CollatzFractal.png)).","credit":"","image-alt":"A blue and yellow fractal."}}
