{
  "title":"thumbnail",
  "description": "",
  "file": "/courses/6-005-software-construction-spring-2016/577309faa5004f456049a94e4f1fed34_6-005S16-th.png",
  "learning_resource_types": [],
  "resource_type": "Image",
  "file_type": "image/png",
  "image_metadata": {"caption":" A fractal generated from the hailstone sequence discussed in Lecture 1 (Image in the public domain courtesy of [Pokips76 on Wikipedia](https://en.wikipedia.org/wiki/Collatz_conjecture#/media/File:CollatzFractal.png)).","credit":"","image-alt":"A blue and yellow fractal."}}
